EMPLOYEE_ID,FIRST_NAME
198,Donald
199,Douglas
200,Jennifer
201,Michael
202,Pat
203,Susan
204,Hermann
205,Shelley
206,William
100,Steven
101,Neena
102,Lex
103,Alexander
104,Bruce
105,David
106,Valli
107,Diana
108,Nancy
109,Daniel
110,John
111,Ismael
112,Jose Manuel
113,Luis
114,Den
115,Alexander
116,Shelli
117,Sigal
118,Guy
119,Karen
120,Matthew
121,Adam
122,Payam
123,Shanta
124,Kevin
125,Julia
126,Irene
127,James
128,Steven
129,Laura
130,Mozhe
131,James
132,TJ
133,Jason
134,Michael
135,Ki
136,Hazel
137,Renske
138,Stephen
139,John
140,Joshua
