gender,name,loc_id
f,Emma,AF
f,Olivia,AX
f,Ava,AL
f,Sophia,DZ
f,Isabella,AS
f,Mia,AD
f,Charlotte,AO
f,Abigail,AI
f,Emily,AQ
f,Harper,AG
f,Amelia,AR
f,Evelyn,AM
f,Elizabeth,AW
f,Sofia,AU
f,Madison,AT
f,Avery,AZ
f,Ella,BS
f,Scarlett,BH
f,Grace,BD
f,Chloe,BB
f,Victoria,BY
f,Riley,BE
f,Aria,BZ
f,Lily,BJ
f,Aubrey,BM
f,Zoey,BT
f,Penelope,AR
f,Lillian,AM
f,Addison,BA
f,Layla,BW
f,Natalie,BV
f,Camila,BR
f,Hannah,IO
f,Brooklyn,BN
f,Zoe,BG
f,Nora,BF
f,Leah,BI
f,Savannah,KH
f,Audrey,CM
f,Claire,CA
f,Eleanor,CV
f,Skylar,KY
f,Ellie,CF
f,Samantha,TD
f,Stella,CL
f,Paisley,CN
f,Violet,CX
f,Mila,CC
f,Allison,CO
f,Alexa,KM
f,Anna,CG
f,Hazel, the Democratic Republic of the
f,Aaliyah,CK
f,Ariana,CR
f,Lucy,CI
f,Caroline,HR
f,Sarah,CU
f,Genesis,CW
f,Kennedy,CY
f,Sadie,CZ
f,Gabriella,DK
f,Madelyn,DJ
f,Adeline,DM
f,Maya,DO
f,Autumn,EC
f,Aurora,EG
f,Piper,SV
f,Hailey,GQ
f,Arianna,ER
f,Kaylee,EE
f,Ruby,ET
f,Serenity,FK
f,Eva,FO
f,Naomi,FJ
f,Nevaeh,FI
f,Alice,FR
f,Luna,GF
f,Bella,PF
f,Quinn,TF
f,Lydia,GA
f,Peyton,GM
f,Melanie,GE
f,Kylie,DE
f,Aubree,GH
f,Mackenzie,GI
f,Kinsley,GR
f,Cora,GL
f,Julia,GD
f,Taylor,GP
f,Katherine,GU
f,Madeline,GT
f,Gianna,GG
f,Eliana,GN
f,Elena,GW
f,Vivian,GY
f,Willow,HT
f,Reagan,HM
f,Brianna,VA
f,Clara,HN
f,Faith,HK
f,Ashley,HU
f,Emilia,IS
f,Isabelle,IN
f,Annabelle,ID
f,Rylee,AO
f,Valentina,AI
f,Everly,AQ
f,Hadley,AG
f,Sophie,AR
f,Alexandra,AM
f,Natalia,HM
f,Ivy,VA
f,Maria,HN
f,Josephine,HK
f,Delilah,HU
f,Bailey,IS
f,Jade,IN
f,Ximena,GU
f,Alexis,GT
f,Alyssa,GG
f,Brielle,GN
f,Jasmine,GW
f,Liliana,GY
f,Adalynn,HT
f,Khloe,FK
f,Isla,FO
f,Mary,FJ
f,Andrea,FI
f,Kayla,FR
f,Emery,GF
f,London,PF
f,Kimberly,TF
f,Morgan,GA
f,Lauren,AF
f,Sydney,AX
f,Nova,AL
f,Trinity,DZ
f,Lyla,AS
f,Margaret,AD
f,Ariel,AO
f,Adalyn,AI
f,Athena,AQ
f,Lilly,AG
f,Melody,AR
f,Isabel,AM
f,Jordyn,AW
f,Jocelyn,AU
f,Eden,AT
f,Paige,AZ
f,Teagan,BS
f,Valeria,BH
f,Sara,BD
f,Norah,BB
f,Rose,BY
f,Aliyah,BE
f,Mckenzie,BZ
f,Molly,BJ
f,Raelynn,BM
f,Leilani,BT
f,Valerie,AR
f,Emerson,AM
f,Juliana,BA
f,Nicole,BW
f,Laila,BV
f,Makayla,BR
f,Elise,IO
f,Mariah,BN
f,Mya,BG
f,Arya,BF
f,Ryleigh,BI
f,Adaline,KH
f,Brooke,CM
f,Rachel,CA
f,Eliza,CV
f,Angelina,KY
f,Amy,CF
f,Reese,TD
f,Alina,CL
f,Cecilia,CN
f,Londyn,CX
f,Gracie,CC
f,Payton,CO
f,Esther,KM
f,Alaina,CG
f,Charlie, the Democratic Republic of the
f,Iris,CK
f,Arabella,CR
f,Genevieve,CI
f,Finley,HR
f,Daisy,CU
f,Harmony,CW
f,Anastasia,CY
f,Kendall,CZ
f,Daniela,DK
f,Catherine,DJ
f,Adelyn,DM
f,Vanessa,DO
f,Brooklynn,EC
f,Juliette,EG
f,Julianna,SV
f,Presley,GQ
f,Summer,ER
f,Destiny,EE
f,Amaya,ET
f,Hayden,FK
f,Alana,FO
f,Rebecca,FJ
f,Michelle,FI
f,Eloise,FR
f,Lila,GF
f,Fiona,PF
f,Callie,TF
f,Lucia,GA
f,Angela,GM
f,Marley,GE
f,Adriana,DE
f,Parker,GH
f,Alexandria,GI
f,Giselle,GR
f,Alivia,GL
f,Alayna,GD
f,Brynlee,GP
f,Ana,GU
f,Harley,GT
f,Gabrielle,GG
f,Dakota,GN
f,Georgia,GW
f,Juliet,GY
f,Tessa,HT
f,Leila,HM
f,Kate,VA
f,Jayla,HN
f,Jessica,HK
f,Lola,HU
f,Stephanie,IS
f,Sienna,IN
f,Josie,ID
f,Daleyza,AO
f,Rowan,AI
f,Evangeline,AQ
f,Hope,AG
f,Maggie,AR
f,Camille,AM
f,Makenzie,HM
f,Vivienne,VA
f,Sawyer,HN
f,Gemma,HK
f,Joanna,HU
f,Noelle,IS
f,Elliana,IN
f,Mckenna,GU
f,Gabriela,GT
f,Kinley,GG
f,Rosalie,GN
f,Brynn,GW
f,Amiyah,GY
f,Melissa,HT
f,Adelaide,FK
f,Malia,FO
f,Ayla,FJ
f,Izabella,FI
f,Delaney,FR
f,Cali,GF
f,Journey,PF
f,Maci,TF
f,Elaina,GA
f,Sloane,AF
f,June,AX
f,Diana,AL
f,Blakely,DZ
f,Aniyah,AS
f,Olive,AD
f,Jennifer,AO
f,Paris,AI
f,Miranda,AQ
f,Lena,AG
f,Jacqueline,AR
f,Paislee,AM
f,Jane,AW
f,Raegan,AU
f,Lyric,AT
f,Lilliana,AZ
f,Adelynn,BS
f,Lucille,BH
f,Selena,BD
f,River,BB
f,Annie,BY
f,Cassidy,BE
f,Jordan,BZ
f,Thea,BJ
f,Mariana,BM
f,Amina,BT
f,Miriam,AR
f,Haven,AM
f,Remi,BA
f,Charlee,BW
f,Blake,BV
f,Lilah,BR
f,Ruth,IO
f,Amara,BN
f,Kali,BG
f,Kylee,BF
f,Arielle,BI
f,Emersyn,KH
f,Alessandra,CM
f,Fatima,CA
f,Talia,CV
f,Vera,KY
f,Nina,CF
f,Ariah,TD
f,Allie,CL
f,Addilyn,CN
f,Keira,CX
f,Catalina,CC
f,Raelyn,CO
f,Phoebe,KM
f,Lexi,CG
f,Zara, the Democratic Republic of the
f,Makenna,CK
f,Ember,CR
f,Leia,CI
f,Rylie,HR
f,Angel,CU
f,Haley,CW
f,Madilyn,CY
f,Kaitlyn,CZ
f,Heaven,DK
f,Nyla,DJ
f,Amanda,DM
f,Freya,DO
f,Journee,EC
f,Daniella,EG
f,Danielle,SV
f,Kenzie,GQ
f,Ariella,ER
f,Lia,EE
f,Brinley,ET
f,Maddison,FK
f,Shelby,FO
f,Elsie,FJ
f,Kamila,FI
f,Camilla,FR
f,Alison,GF
f,Ainsley,PF
f,Ada,TF
f,Laura,GA
f,Kendra,GM
f,Kayleigh,GE
f,Adrianna,DE
f,Madeleine,GH
f,Joy,GI
f,Juniper,GR
f,Chelsea,GL
f,Sage,GD
f,Erin,GP
f,Felicity,GU
f,Gracelyn,GT
f,Nadia,GG
f,Skyler,GN
f,Briella,GW
f,Aspen,GY
f,Myla,HT
f,Heidi,HM
f,Katie,VA
f,Zuri,HN
f,Jenna,HK
f,Kyla,HU
f,Kaia,IS
f,Kira,IN
f,Sabrina,ID
f,Gracelynn,AO
f,Gia,AI
f,Amira,AQ
f,Alexia,AG
f,Amber,AR
f,Cadence,AM
f,Esmeralda,HM
f,Katelyn,VA
f,Scarlet,HN
f,Kamryn,HK
f,Alicia,HU
f,Miracle,IS
f,Kelsey,IN
f,Logan,GU
f,Kiara,GT
f,Bianca,GG
f,Kaydence,GN
f,Alondra,GW
f,Evelynn,GY
f,Christina,HT
f,Lana,FK
f,Aviana,FO
f,Dahlia,FJ
f,Dylan,FI
f,Anaya,FR
f,Ashlyn,GF
f,Jada,PF
f,Kathryn,TF
f,Jimena,GA
f,Elle,AF
f,Gwendolyn,AX
f,April,AL
f,Carmen,DZ
f,Mikayla,AS
f,Annalise,AD
f,Maeve,AO
f,Camryn,AI
f,Helen,AQ
f,Daphne,AG
f,Braelynn,AR
f,Carly,AM
f,Cheyenne,AW
f,Leslie,AU
f,Veronica,AT
f,Nylah,AZ
f,Kennedi,BS
f,Skye,BH
f,Evie,BD
f,Averie,BB
f,Harlow,BY
f,Allyson,BE
f,Carolina,BZ
f,Tatum,BJ
f,Francesca,BM
f,Aylin,BT
f,Ashlynn,AR
f,Sierra,AM
f,Mckinley,BA
f,Leighton,BW
f,Maliyah,BV
f,Annabella,BR
f,Megan,IO
f,Margot,BN
f,Luciana,BG
f,Mallory,BF
f,Millie,BI
f,Regina,KH
f,Nia,CM
f,Rosemary,CA
f,Saylor,CV
f,Abby,KY
f,Briana,CF
f,Phoenix,TD
f,Viviana,CL
f,Alejandra,CN
f,Frances,CX
f,Jayleen,CC
f,Serena,CO
f,Lorelei,KM
f,Zariah,CG
f,Ariyah, the Democratic Republic of the
f,Jazmin,CK
f,Avianna,CR
f,Carter,CI
f,Marlee,HR
f,Eve,CU
f,Aleah,CW
f,Remington,CY
f,Amari,CZ
f,Bethany,DK
f,Fernanda,DJ
f,Malaysia,DM
f,Willa,DO
f,Liana,EC
f,Ryan,EG
f,Addyson,SV
f,Yaretzi,GQ
f,Colette,ER
f,Macie,EE
f,Selah,ET
f,Nayeli,FK
f,Madelynn,FO
f,Michaela,FJ
f,Priscilla,FI
f,Janelle,FR
f,Samara,GF
f,Justice,PF
f,Itzel,TF
f,Emely,GA
f,Lennon,GM
f,Aubrie,GE
f,Julie,DE
f,Kyleigh,GH
f,Sarai,GI
f,Braelyn,GR
f,Alani,GL
f,Lacey,GD
f,Edith,GP
f,Elisa,GU
f,Macy,GT
f,Marilyn,GG
f,Baylee,GN
f,Karina,GW
f,Raven,GY
f,Celeste,HT
f,Adelina,HM
f,Matilda,VA
f,Kara,HN
f,Jamie,HK
f,Charleigh,HU
f,Aisha,IS
f,Kassidy,IN
f,Hattie,ID
f,Karen,AO
f,Sylvia,AI
f,Winter,AQ
f,Aleena,AG
f,Angelica,AR
f,Magnolia,AM
f,Cataleya,HM
f,Danna,VA
f,Henley,HN
f,Mabel,HK
f,Kelly,HU
f,Brylee,IS
f,Jazlyn,IN
f,Virginia,GU
f,Helena,GT
f,Jillian,GG
f,Madilynn,GN
f,Blair,GW
f,Galilea,GY
f,Kensley,HT
f,Wren,FK
f,Bristol,FO
f,Emmalyn,FJ
f,Holly,FI
f,Lauryn,FR
f,Cameron,GF
f,Hanna,PF
f,Meredith,TF
f,Royalty,GA
f,Sasha,AF
f,Lilith,AX
f,Jazmine,AL
f,Alayah,DZ
f,Madisyn,AS
f,Cecelia,AD
f,Renata,AO
f,Lainey,AI
f,Liberty,AQ
f,Brittany,AG
f,Savanna,AR
f,Imani,AM
f,Kyra,AW
f,Mira,AU
f,Mariam,AT
f,Tenley,AZ
f,Aitana,BS
f,Gloria,BH
f,Maryam,BD
f,Giuliana,BB
f,Skyla,BY
f,Anne,BE
f,Johanna,BZ
f,Myra,BJ
f,Charley,BM
f,Tiffany,BT
f,Beatrice,AR
f,Karla,AM
f,Cynthia,BA
f,Janiyah,BW
f,Melany,BV
f,Alanna,BR
f,Lilian,IO
f,Demi,BN
f,Pearl,BG
f,Jaylah,BF
f,Maia,BI
f,Cassandra,KH
f,Jolene,CM
f,Crystal,CA
f,Everleigh,CV
f,Maisie,KY
f,Anahi,CF
f,Elianna,TD
f,Hallie,CL
f,Ivanna,CN
f,Oakley,CX
f,Ophelia,CC
f,Emelia,CO
f,Mae,KM
f,Marie,CG
f,Rebekah, the Democratic Republic of the
f,Azalea,CK
f,Haylee,CR
f,Bailee,CI
f,Anika,HR
f,Monica,CU
f,Kimber,CW
f,Sloan,CY
f,Jayda,CZ
f,Anya,DK
f,Bridget,DJ
f,Kailey,DM
f,Julissa,DO
f,Marissa,EC
f,Leona,EG
f,Aileen,SV
f,Addisyn,GQ
f,Kaliyah,ER
f,Coraline,EE
f,Dayana,ET
f,Kaylie,FK
f,Celine,FO
f,Jaliyah,FJ
f,Elaine,FI
f,Lillie,FR
f,Melina,GF
f,Jaelyn,PF
f,Shiloh,TF
f,Jemma,GA
f,Madalyn,GM
f,Addilynn,GE
f,Alaia,DE
f,Mikaela,GH
f,Adley,GI
f,Saige,GR
f,Angie,GL
f,Dallas,GD
f,Braylee,GP
f,Elsa,GU
f,Emmy,GT
f,Hayley,GG
f,Siena,GN
f,Lorelai,GW
f,Miah,GY
f,Royal,HT
f,Tiana,HM
f,Elliot,VA
f,Kori,HN
f,Greta,HK
f,Charli,HU
f,Elliott,IS
f,Julieta,IN
f,Alena,ID
f,Rory,AO
f,Harlee,AI
f,Rosa,AQ
f,Ivory,AG
f,Guadalupe,AR
f,Jessie,AM
f,Laurel,HM
f,Annika,VA
f,Clarissa,HN
f,Karsyn,HK
f,Collins,HU
f,Kenia,IS
f,Milani,IN
f,Alia,GU
f,Chanel,GT
f,Dorothy,GG
f,Armani,GN
f,Emory,GW
f,Ellen,GY
f,Irene,HT
f,Adele,FK
f,Jaelynn,FO
f,Myah,FJ
f,Hadassah,FI
f,Jayde,FR
f,Lilyana,GF
f,Malaya,PF
f,Kenna,TF
f,Amelie,GA
f,Reyna,AF
f,Teresa,AX
f,Angelique,AL
f,Linda,DZ
f,Nathalie,AS
f,Kora,AD
f,Zahra,AO
f,Aurelia,AI
f,Kalani,AQ
f,Rayna,AG
f,Jolie,AR
f,Sutton,AM
f,Aniya,AW
f,Jessa,AU
f,Laylah,AT
f,Esme,AZ
f,Keyla,BS
f,Ariya,BH
f,Elisabeth,BD
f,Marina,BB
f,Mara,BY
f,Meadow,BE
f,Aliza,BZ
f,Zelda,BJ
f,Lea,BM
f,Elyse,BT
f,Monroe,AR
f,Penny,AM
f,Lilianna,BA
f,Lylah,BW
f,Liv,BV
f,Scarlette,BR
f,Kadence,IO
f,Ansley,BN
f,Emilee,BG
f,Perla,BF
f,Annabel,BI
f,Alaya,KH
f,Milena,CM
f,Karter,CA
f,Avah,CV
f,Amirah,KY
f,Leyla,CF
f,Livia,TD
f,Chaya,CL
f,Wynter,CN
f,Jaycee,CX
f,Lailah,CC
f,Amani,CO
f,Milana,KM
f,Lennox,CG
f,Remy, the Democratic Republic of the
f,Zariyah,CK
f,Clare,CR
f,Hadlee,CI
f,Kiera,HR
f,Rosie,CU
f,Alma,CW
f,Kaelyn,CY
f,Eileen,CZ
f,Jayden,DK
f,Martha,DJ
f,Noa,DM
f,Christine,DO
f,Ariadne,EC
f,Natasha,EG
f,Emerie,SV
f,Tatiana,GQ
f,Joselyn,ER
f,Joyce,EE
f,Salma,ET
f,Amiya,FK
f,Audrina,FO
f,Kinslee,FJ
f,Jaylene,FI
f,Analia,FR
f,Erika,GF
f,Lexie,PF
f,Mina,TF
f,Patricia,GA
f,Dulce,GM
f,Poppy,GE
f,Aubrielle,DE
f,Clementine,GH
f,Lara,GI
f,Amaris,GR
f,Milan,GL
f,Aliana,GD
f,Kailani,GP
f,Kaylani,GU
f,Maleah,GT
f,Belen,GG
f,Simone,GN
f,Whitney,GW
f,Elora,GY
f,Claudia,HT
f,Gwen,HM
f,Rylan,VA
f,Antonella,HN
f,Khaleesi,HK
f,Arely,HU
f,Princess,IS
f,Kenley,IN
f,Itzayana,ID
f,Karlee,AO
f,Paulina,AI
f,Laney,AQ
f,Bria,AG
f,Chana,AR
f,Kynlee,AM
f,Astrid,HM
f,Giovanna,VA
f,Lindsey,HN
f,Sky,HK
f,Aryanna,HU
f,Ayleen,IS
f,Azariah,IN
f,Joelle,GU
f,Nala,GT
f,Tori,GG
f,Noemi,GN
f,Breanna,GW
f,Emmeline,GY
f,Mavis,HT
f,Amalia,FK
f,Mercy,FO
f,Tinley,FJ
f,Averi,FI
f,Aiyana,FR
f,Alyson,GF
f,Corinne,PF
f,Leanna,TF
f,Madalynn,GA
f,Briar,AF
f,Jaylee,AX
f,Kailyn,AL
f,Kassandra,DZ
f,Kaylin,AS
f,Nataly,AD
f,Amia,AO
f,Yareli,AI
f,Cara,AQ
f,Taliyah,AG
f,Thalia,AR
f,Carolyn,AM
f,Estrella,AW
f,Montserrat,AU
f,Zaylee,AT
f,Anabelle,AZ
f,Deborah,BS
f,Frida,BH
f,Zaria,BD
f,Kairi,BB
f,Katalina,BY
f,Nola,BE
f,Erica,BZ
f,Isabela,BJ
f,Jazlynn,BM
f,Paula,BT
f,Faye,AR
f,Louisa,AM
f,Alessia,BA
f,Courtney,BW
f,Reign,BV
f,Ryann,BR
f,Stevie,IO
f,Heavenly,BN
f,Lisa,BG
f,Roselyn,BF
f,Raina,BI
f,Adrienne,KH
f,Celia,CM
f,Estelle,CA
f,Marianna,CV
f,Brenda,KY
f,Kathleen,CF
f,Paola,TD
f,Hunter,CL
f,Ellis,CN
f,Hana,CX
f,Lina,CC
f,Raquel,CO
f,Aliya,KM
f,Iliana,CG
f,Kallie, the Democratic Republic of the
f,Emmalynn,CK
f,Naya,CR
f,Reina,CI
f,Wendy,HR
f,Landry,CU
f,Barbara,CW
f,Casey,CY
f,Karlie,CZ
f,Kiana,DK
f,Rivka,DJ
f,Kenya,DM
f,Aya,DO
f,Carla,EC
f,Dalary,EG
f,Jaylynn,SV
f,Sariah,GQ
f,Andi,ER
f,Romina,EE
f,Dana,ET
f,Danica,FK
f,Ingrid,FO
f,Kehlani,FJ
f,Zaniyah,FI
f,Alannah,FR
f,Avalynn,GF
f,Evalyn,PF
f,Sandra,TF
f,Veda,GA
f,Hadleigh,GM
f,Paityn,GE
f,Abril,DE
f,Ciara,GH
f,Holland,GI
f,Lillianna,GR
f,Kai,GL
f,Bryleigh,GD
f,Emilie,GP
f,Carlee,GU
f,Judith,GT
f,Kristina,GG
f,Janessa,GN
f,Annalee,GW
f,Zoie,GY
f,Maliah,HT
f,Bonnie,HM
f,Emmaline,VA
f,Louise,HN
f,Kaylynn,HK
f,Monserrat,HU
f,Nancy,IS
f,Noor,IN
f,Vada,ID
f,Aubriella,AO
f,Maxine,AI
f,Nathalia,AQ
f,Tegan,AG
f,Aranza,AR
f,Emmie,AM
f,Brenna,HM
f,Estella,VA
f,Ellianna,HN
f,Kailee,HK
f,Ailani,HU
f,Caylee,IS
f,Zainab,IN
f,Zendaya,GU
f,Jana,GT
f,Julianne,GG
f,Ellison,GN
f,Sariyah,GW
f,Lizbeth,GY
f,Susan,HT
f,Alyvia,FK
f,Jewel,FO
f,Marjorie,FJ
f,Marleigh,FI
f,Nathaly,FR
f,Sharon,GF
f,Yamileth,PF
f,Zion,TF
f,Mariyah,GA
f,Lyra,AF
f,Belle,AX
f,Yasmin,AL
f,Kaiya,DZ
f,Maren,AS
f,Marisol,AD
f,Vienna,AO
f,Calliope,AI
f,Hailee,AQ
f,Rayne,AG
f,Tabitha,AR
f,Anabella,AM
f,Blaire,AW
f,Giana,AU
f,Milania,AT
f,Paloma,AZ
f,Amya,BS
f,Novalee,BH
f,Harleigh,BD
f,Ramona,BB
f,Rhea,BY
f,Aadhya,BE
f,Miya,BZ
f,Desiree,BJ
f,Frankie,BM
f,Sylvie,BT
f,Jasmin,AR
f,Moriah,AM
f,Rosalyn,BA
f,Kaya,BW
f,Joslyn,BV
f,Tinsley,BR
f,Farrah,IO
f,Aislinn,BN
f,Halle,BG
f,Madyson,BF
f,Micah,BI
f,Arden,KH
f,Bexley,CM
f,Ari,CA
f,Aubri,CV
f,Ayana,KY
f,Cherish,CF
f,Davina,TD
f,Anniston,CL
f,Riya,CN
f,Adilynn,CX
f,Ally,CC
f,Amayah,CO
f,Harmoni,KM
f,Heather,CG
f,Saoirse, the Democratic Republic of the
f,Azaria,CK
f,Alisha,CR
f,Nalani,CI
f,Maylee,HR
f,Shayla,CU
f,Briley,CW
f,Elin,CY
f,Lilia,CZ
f,Ann,DK
f,Antonia,DJ
f,Aryana,DM
f,Chandler,DO
f,Esperanza,EC
f,Lilyanna,EG
f,Alianna,SV
f,Luz,GQ
m,Noah,ER
m,Liam,EE
m,William,ET
m,Mason,FK
m,James,FO
m,Benjamin,FJ
m,Jacob,FI
m,Michael,FR
m,Elijah,GF
m,Ethan,PF
m,Alexander,TF
m,Oliver,GA
m,Daniel,GM
m,Lucas,GE
m,Matthew,DE
m,Aiden,GH
m,Jackson,GI
m,Logan,GR
m,David,GL
m,Joseph,GD
m,Samuel,GP
m,Henry,GU
m,Owen,GT
m,Sebastian,GG
m,Gabriel,GN
m,Carter,GW
m,Jayden,GY
m,John,HT
m,Luke,HM
m,Anthony,VA
m,Isaac,HN
m,Dylan,HK
m,Wyatt,HU
m,Andrew,IS
m,Joshua,IN
m,Christopher,ID
m,Grayson,AO
m,Jack,AI
m,Julian,AQ
m,Ryan,AG
m,Jaxon,AR
m,Levi,AM
m,Nathan,HM
m,Caleb,VA
m,Hunter,HN
m,Christian,HK
m,Isaiah,HU
m,Thomas,IS
m,Aaron,IN
m,Lincoln,GU
m,Charles,GT
m,Eli,GG
m,Landon,GN
m,Connor,GW
m,Josiah,GY
m,Jonathan,HT
m,Cameron,FK
m,Jeremiah,FO
m,Mateo,FJ
m,Adrian,FI
m,Hudson,FR
m,Robert,GF
m,Nicholas,PF
m,Brayden,TF
m,Nolan,GA
m,Easton,AF
m,Jordan,AX
m,Colton,AL
m,Evan,DZ
m,Angel,AS
m,Asher,AD
m,Dominic,AO
m,Austin,AI
m,Leo,AQ
m,Adam,AG
m,Jace,AR
m,Jose,AM
m,Ian,AW
m,Cooper,AU
m,Gavin,AT
m,Carson,AZ
m,Jaxson,BS
m,Theodore,BH
m,Jason,BD
m,Ezra,BB
m,Chase,BY
m,Parker,BE
m,Xavier,BZ
m,Kevin,BJ
m,Zachary,BM
m,Tyler,BT
m,Ayden,AR
m,Elias,AM
m,Bryson,BA
m,Leonardo,BW
m,Greyson,BV
m,Sawyer,BR
m,Roman,IO
m,Brandon,BN
m,Bentley,BG
m,Kayden,BF
m,Ryder,BI
m,Nathaniel,KH
m,Vincent,CM
m,Miles,CA
m,Santiago,CV
m,Harrison,KY
m,Tristan,CF
m,Declan,TD
m,Cole,CL
m,Maxwell,CN
m,Luis,CX
m,Justin,CC
m,Everett,CO
m,Micah,KM
m,Axel,CG
m,Wesley, the Democratic Republic of the
m,Max,CK
m,Silas,CR
m,Weston,CI
m,Ezekiel,HR
m,Juan,CU
m,Damian,CW
m,Camden,CY
m,George,CZ
m,Braxton,DK
m,Blake,DJ
m,Jameson,DM
m,Diego,DO
m,Carlos,EC
m,Ivan,EG
m,Kingston,SV
m,Ashton,GQ
m,Jesus,ER
m,Brody,EE
m,Emmett,ET
m,Abel,FK
m,Jayce,FO
m,Maverick,FJ
m,Bennett,FI
m,Giovanni,FR
m,Eric,GF
m,Maddox,PF
m,Kaiden,TF
m,Kai,GA
m,Bryce,GM
m,Alex,GE
m,Calvin,DE
m,Ryker,GH
m,Jonah,GI
m,Luca,GR
m,King,GL
m,Timothy,GD
m,Alan,GP
m,Brantley,GU
m,Malachi,GT
m,Emmanuel,GG
m,Abraham,GN
m,Antonio,GW
m,Richard,GY
m,Jude,HT
m,Miguel,HM
m,Edward,VA
m,Victor,HN
m,Amir,HK
m,Joel,HU
m,Steven,IS
m,Matteo,IN
m,Hayden,ID
m,Patrick,AO
m,Grant,AI
m,Preston,AQ
m,Tucker,AG
m,Jesse,AR
m,Finn,AM
m,Oscar,HM
m,Kaleb,VA
m,Gael,HN
m,Graham,HK
m,Elliot,HU
m,Alejandro,IS
m,Rowan,IN
m,Marcus,GU
m,Jeremy,GT
m,Zayden,GG
m,Karter,GN
m,Beau,GW
m,Bryan,GY
m,Maximus,HT
m,Aidan,FK
m,Avery,FO
m,Elliott,FJ
m,August,FI
m,Nicolas,FR
m,Mark,GF
m,Colin,PF
m,Waylon,TF
m,Bradley,GA
m,Kyle,AF
m,Kaden,AX
m,Xander,AL
m,Caden,DZ
m,Paxton,AS
m,Brian,AD
m,Dean,AO
m,Paul,AI
m,Peter,AQ
m,Kenneth,AG
m,Jasper,AR
m,Lorenzo,AM
m,Zane,AW
m,Zion,AU
m,Beckett,AT
m,River,AZ
m,Jax,BS
m,Andres,BH
m,Dawson,BD
m,Messiah,BB
m,Jaden,BY
m,Rhett,BE
m,Brady,BZ
m,Lukas,BJ
m,Omar,BM
m,Jorge,BT
m,Riley,AR
m,Derek,AM
m,Charlie,BA
m,Emiliano,BW
m,Griffin,BV
m,Myles,BR
m,Brooks,IO
m,Israel,BN
m,Sean,BG
m,Judah,BF
m,Iker,BI
m,Javier,KH
m,Erick,CM
m,Tanner,CA
m,Corbin,CV
m,Adriel,KY
m,Jase,CF
m,Jake,TD
m,Simon,CL
m,Cayden,CN
m,Knox,CX
m,Tobias,CC
m,Felix,CO
m,Milo,KM
m,Jayceon,CG
m,Gunner, the Democratic Republic of the
m,Francisco,CK
m,Kameron,CR
m,Cash,CI
m,Remington,HR
m,Reid,CU
m,Cody,CW
m,Martin,CY
m,Andre,CZ
m,Rylan,DK
m,Maximiliano,DJ
m,Zander,DM
m,Archer,DO
m,Barrett,EC
m,Killian,EG
m,Stephen,SV
m,Clayton,GQ
m,Thiago,ER
m,Spencer,EE
m,Amari,ET
m,Josue,FK
m,Holden,FO
m,Emilio,FJ
m,Arthur,FI
m,Chance,FR
m,Eduardo,GF
m,Leon,PF
m,Travis,TF
m,Ricardo,GA
m,Damien,GM
m,Manuel,GE
m,Gage,DE
m,Keegan,GH
m,Titus,GI
m,Raymond,GR
m,Kyrie,GL
m,Nash,GD
m,Finley,GP
m,Fernando,GU
m,Louis,GT
m,Peyton,GG
m,Rafael,GN
m,Phoenix,GW
m,Jaiden,GY
m,Lane,HT
m,Dallas,HM
m,Emerson,VA
m,Cristian,HN
m,Collin,HK
m,Kyler,HU
m,Devin,IS
m,Jeffrey,IN
m,Walter,ID
m,Anderson,AO
m,Cesar,AI
m,Mario,AQ
m,Donovan,AG
m,Seth,AR
m,Garrett,AM
m,Enzo,HM
m,Conner,VA
m,Legend,HN
m,Caiden,HK
m,Beckham,HU
m,Jett,IS
m,Ronan,IN
m,Troy,GU
m,Karson,GT
m,Edwin,GG
m,Hector,GN
m,Cohen,GW
m,Ali,GY
m,Trevor,HT
m,Conor,FK
m,Orion,FO
m,Shane,FJ
m,Andy,FI
m,Marco,FR
m,Walker,GF
m,Angelo,PF
m,Quinn,TF
m,Dalton,GA
m,Sergio,AF
m,Ace,AX
m,Tyson,AL
m,Johnny,DZ
m,Dominick,AS
m,Colt,AD
m,Johnathan,AO
m,Gideon,AI
m,Julius,AQ
m,Cruz,AG
m,Edgar,AR
m,Prince,AM
m,Dante,AW
m,Marshall,AU
m,Ellis,AT
m,Joaquin,AZ
m,Major,BS
m,Arlo,BH
m,Alexis,BD
m,Reed,BB
m,Muhammad,BY
m,Frank,BE
m,Theo,BZ
m,Shawn,BJ
m,Erik,BM
m,Grady,BT
m,Nehemiah,AR
m,Daxton,AM
m,Atticus,BA
m,Gregory,BW
m,Matias,BV
m,Bodhi,BR
m,Emanuel,IO
m,Jensen,BN
m,Kash,BG
m,Romeo,BF
m,Desmond,BI
m,Solomon,KH
m,Allen,CM
m,Jaylen,CA
m,Leonel,CV
m,Roberto,KY
m,Pedro,CF
m,Kason,TD
m,Fabian,CL
m,Clark,CN
m,Dakota,CX
m,Abram,CC
m,Noel,CO
m,Kayson,KM
m,Malik,CG
m,Odin, the Democratic Republic of the
m,Jared,CK
m,Warren,CR
m,Kendrick,CI
m,Rory,HR
m,Jonas,CU
m,Adan,CW
m,Ibrahim,CY
m,Trenton,CZ
m,Finnegan,DK
m,Landen,DJ
m,Adonis,DM
m,Jay,DO
m,Ruben,EC
m,Drew,EG
m,Gunnar,SV
m,Ismael,GQ
m,Jaxton,ER
m,Kane,EE
m,Hendrix,ET
m,Atlas,FK
m,Pablo,FO
m,Zaiden,FJ
m,Wade,FI
m,Russell,FR
m,Cade,GF
m,Sullivan,PF
m,Malcolm,TF
m,Kade,GA
m,Harvey,GM
m,Princeton,GE
m,Skyler,DE
m,Corey,GH
m,Esteban,GI
m,Leland,GR
m,Derrick,GL
m,Ari,GD
m,Kamden,GP
m,Zayn,GU
m,Porter,GT
m,Franklin,GG
m,Raiden,GN
m,Braylon,GW
m,Ronald,GY
m,Cyrus,HT
m,Benson,HM
m,Malakai,VA
m,Hugo,HN
m,Marcos,HK
m,Maximilian,HU
m,Hayes,IS
m,Philip,IN
m,Lawson,ID
m,Phillip,AO
m,Bruce,AI
m,Braylen,AQ
m,Zachariah,AG
m,Damon,AR
m,Dexter,AM
m,Enrique,HM
m,Aden,VA
m,Lennox,HN
m,Drake,HK
m,Khalil,HU
m,Tate,IS
m,Zayne,IN
m,Milan,GU
m,Brock,GT
m,Brendan,GG
m,Armando,GN
m,Gerardo,GW
m,Jamison,GY
m,Rocco,HT
m,Nasir,FK
m,Augustus,FO
m,Sterling,FJ
m,Dillon,FI
m,Royal,FR
m,Royce,GF
m,Moses,PF
m,Jaime,TF
m,Johan,GA
m,Scott,AF
m,Chandler,AX
m,Raul,AL
m,Remy,DZ
m,Cason,AS
m,Luka,AD
m,Mohamed,AO
m,Deacon,AI
m,Winston,AQ
m,Albert,AG
m,Pierce,AR
m,Taylor,AM
m,Nikolai,AW
m,Bowen,AU
m,Danny,AT
m,Francis,AZ
m,Brycen,BS
m,Jayson,BH
m,Moises,BD
m,Keith,BB
m,Hank,BY
m,Quentin,BE
m,Kasen,BZ
m,Donald,BJ
m,Julio,BM
m,Davis,BT
m,Alec,AR
m,Kolton,AM
m,Lawrence,BA
m,Rhys,BW
m,Kian,BV
m,Nico,BR
m,Matthias,IO
m,Kellan,BN
m,Mathias,BG
m,Ariel,BF
m,Justice,BI
m,Braden,KH
m,Rodrigo,CM
m,Ryland,CA
m,Leonidas,CV
m,Jerry,KY
m,Ronin,CF
m,Alijah,TD
m,Kobe,CL
m,Lewis,CN
m,Dennis,CX
m,Luciano,CC
m,Ahmed,CO
m,Frederick,KM
m,Darius,CG
m,Arjun, the Democratic Republic of the
m,Dax,CK
m,Asa,CR
m,Nixon,CI
m,Ezequiel,HR
m,Eden,CU
m,Tony,CW
m,Landyn,CY
m,Emmitt,CZ
m,Mathew,DK
m,Kyson,DJ
m,Otto,DM
m,Saul,DO
m,Uriel,EC
m,Colby,EG
m,Dustin,SV
m,Omari,GQ
m,Raphael,ER
m,Brennan,EE
m,Callen,ET
m,Keaton,FK
m,Arturo,FO
m,Isaias,FJ
m,Roy,FI
m,Kieran,FR
m,Ty,GF
m,Dorian,PF
m,Cannon,TF
m,Marvin,GA
m,Cullen,GM
m,Sage,GE
m,Uriah,DE
m,Darren,GH
m,Cayson,GI
m,Aarav,GR
m,Case,GL
m,Izaiah,GD
m,Armani,GP
m,Gustavo,GU
m,Jimmy,GT
m,Alberto,GG
m,Duke,GN
m,Rayan,GW
m,Chris,GY
m,Casey,HT
m,Roland,HM
m,Moshe,VA
m,Curtis,HN
m,Mauricio,HK
m,Alonzo,HU
m,Yusuf,IS
m,Nikolas,IN
m,Soren,ID
m,Hamza,AO
m,Jasiah,AI
m,Alfredo,AQ
m,Devon,AG
m,Jalen,AR
m,Raylan,AM
m,Edison,HM
m,Jamari,VA
m,Oakley,HN
m,Samson,HK
m,Lionel,HU
m,Reece,IS
m,Sam,IN
m,Quincy,GU
m,Jakob,GT
m,Apollo,GG
m,Kingsley,GN
m,Ahmad,GW
m,Bryant,GY
m,Alvin,HT
m,Trey,FK
m,Mohammed,FO
m,Conrad,FJ
m,Mitchell,FI
m,Salvador,FR
m,Quinton,GF
m,Bo,PF
m,Mohammad,TF
m,Elian,GA
m,Gianni,AF
m,Lennon,AX
m,Leonard,AL
m,Douglas,DZ
m,Cassius,AS
m,Ricky,AD
m,Carl,AO
m,Gary,AI
m,Larry,AQ
m,Colten,AG
m,Ramon,AR
m,Kellen,AM
m,Korbin,AW
m,Wilson,AU
m,Kylan,AT
m,Santino,AZ
m,Niko,BS
m,Issac,BH
m,Jagger,BD
m,Lance,BB
m,Joe,BY
m,Julien,BE
m,Orlando,BZ
m,Jefferson,BJ
m,Memphis,BM
m,Crosby,BT
m,Mekhi,AR
m,Nelson,AM
m,Lucian,BA
m,Ayaan,BW
m,Nathanael,BV
m,Neil,BR
m,Makai,IO
m,Finnley,BN
m,Rex,BG
m,Forrest,BF
m,Layton,BI
m,Randy,KH
m,Boston,CM
m,Tristen,CA
m,Tatum,CV
m,Brayan,KY
m,Sylas,CF
m,Thaddeus,TD
m,Trent,CL
m,Morgan,CN
m,Roger,CX
m,Abdullah,CC
m,Casen,CO
m,Maurice,KM
m,Sincere,CG
m,Titan, the Democratic Republic of the
m,Kyree,CK
m,Talon,CR
m,Fletcher,CI
m,Langston,HR
m,Eddie,CU
m,Briggs,CW
m,Noe,CY
m,Kamari,CZ
m,Rowen,DK
m,Zeke,DJ
m,Aldo,DM
m,Kaison,DO
m,Valentino,EC
m,Vihaan,EG
m,Alden,SV
m,Terry,GQ
m,Bruno,ER
m,Canaan,EE
m,Lee,ET
m,Byron,FK
m,Kohen,FO
m,Reese,FJ
m,Braydon,FI
m,Madden,FR
m,Deandre,GF
m,Flynn,PF
m,Harley,TF
m,Hezekiah,GA
m,Amos,GM
m,Harry,GE
m,Zain,DE
m,Alessandro,GH
m,Stanley,GI
m,Lucca,GR
m,Branson,GL
m,Ernesto,GD
m,Joziah,GP
m,Leandro,GU
m,Ares,GT
m,Marc,GG
m,Blaine,GN
m,Joey,GW
m,Jon,GY
m,Yosef,HT
m,Carmelo,HM
m,Franco,VA
m,Jamal,HN
m,Mack,HK
m,Kristian,HU
m,Dane,IS
m,Lachlan,IN
m,Callum,ID
m,Graysen,AO
m,Kye,AI
m,Ben,AQ
m,Aryan,AG
m,Gannon,AR
m,London,AM
m,Kareem,HM
m,Stetson,VA
m,Kristopher,HN
m,Tomas,HK
m,Ford,HU
m,Bronson,IS
m,Enoch,IN
m,Baylor,GU
m,Kaysen,GT
m,Axton,GG
m,Jaxen,GN
m,Rodney,GW
m,Dominik,GY
m,Emery,HT
m,Layne,FK
m,Wilder,FO
m,Jamir,FJ
m,Tripp,FI
m,Kelvin,FR
m,Vicente,GF
m,Augustine,PF
m,Brett,TF
m,Callan,GA
m,Clay,AF
m,Crew,AX
m,Brecken,AL
m,Jacoby,DZ
m,Abdiel,AS
m,Allan,AD
m,Maxton,AO
m,Melvin,AI
m,Rayden,AQ
m,Terrance,AG
m,Demetrius,AR
m,Rohan,AM
m,Wayne,AW
m,Yahir,AU
m,Arian,AT
m,Fox,AZ
m,Brentley,BS
m,Ray,BH
m,Zechariah,BD
m,Cain,BB
m,Guillermo,BY
m,Otis,BE
m,Tommy,BZ
m,Alonso,BJ
m,Dariel,BM
m,Jedidiah,BT
m,Maximo,AR
m,Cory,AM
m,Grey,BA
m,Reyansh,BW
m,Skylar,BV
m,Marcelo,BR
m,Castiel,IO
m,Kase,BN
m,Toby,BG
m,Bobby,BF
m,Jadiel,BI
m,Marcel,KH
m,Lochlan,CM
m,Jeffery,CA
m,Zackary,CV
m,Fisher,KY
m,Yousef,CF
m,Aron,TD
m,Chaim,CL
m,Felipe,CN
m,Axl,CX
m,Anakin,CC
m,Brodie,CO
m,Dash,KM
m,Anson,CG
m,Maison, the Democratic Republic of the
m,Zaire,CK
m,Samir,CR
m,Damari,CI
m,Elisha,HR
m,Davion,CU
m,Eugene,CW
m,Hassan,CY
m,Kannon,CZ
m,Azariah,DK
m,Clyde,DJ
m,Harper,DM
m,Nickolas,DO
m,Boone,EC
m,Magnus,EG
m,Coen,SV
m,Kole,GQ
m,Willie,ER
m,Chad,EE
m,Xzavier,ET
m,Duncan,FK
m,Harold,FO
m,Houston,FJ
m,Landry,FI
m,Trace,FR
m,Alvaro,GF
m,Ameer,PF
m,Junior,TF
m,Kamdyn,GA
m,Vincenzo,GM
m,Gerald,GE
m,Marlon,DE
m,Payton,GH
m,Jamie,GI
m,Kamryn,GR
m,Camdyn,GL
m,Anders,GD
m,Aydin,GP
m,Bentlee,GU
m,Reginald,GT
m,Jaziel,GG
m,Benton,GN
m,Bodie,GW
m,Misael,GY
m,Westin,HT
m,Will,HM
m,Channing,VA
m,Harlan,HN
m,Kody,HK
m,Kolten,HU
m,Thatcher,IS
m,Valentin,IN
m,Henrik,ID
m,Keenan,AO
m,Terrence,AI
m,Denver,AQ
m,Emory,AG
m,Jerome,AR
m,Jermaine,AM
m,Cairo,HM
m,Sonny,VA
m,Mayson,HN
m,Alfred,HK
m,Cristiano,HU
m,Darian,IS
m,Eliseo,IN
m,Maxim,GU
m,Stefan,GT
m,Hugh,GG
m,Santana,GN
m,Javion,GW
m,Leighton,GY
m,Miller,HT
m,Riaan,FK
m,Rogelio,FO
m,Rudy,FJ
m,Blaze,FI
m,Bridger,FR
m,Darwin,GF
m,Markus,PF
m,Ronnie,TF
m,Shepherd,GA
m,Vaughn,AF
m,Billy,AX
m,Marley,AL
m,Huxley,DZ
m,Rey,AS
m,Keagan,AD
m,Draven,AO
m,Shiloh,AI
m,Brysen,AQ
m,Giovani,AG
m,Alistair,AR
m,Brixton,AM
m,Heath,AW
m,Kalel,AU
m,Reuben,AT
m,Ridge,AZ
m,Adrien,BS
m,Rene,BH
m,Sutton,BD
m,Zyaire,BB
m,Ephraim,BY
m,Neymar,BE
m,Vance,BZ
m,Zavier,BJ
m,Jessie,BM
m,Dangelo,BT
m,Dayton,AR
m,Emmet,AM
m,Ishaan,BA
m,Zaid,BW
m,Camron,BV
m,Jordy,BR
m,Kenny,IO
m,Micheal,BN
m,Shaun,BG
m,Alexzander,BF
m,Howard,BI
m,Kylo,KH
m,Eason,CM
m,Blaise,CA
m,Craig,CV
m,Hakeem,KY
m,Karim,CF
m,Jabari,TD
m,Jairo,CL
m,Khalid,CN
m,Turner,CX
m,Van,CC
m,Westley,CO
m,Braiden,KM
m,Cedric,CG
m,Darrell, the Democratic Republic of the
m,Louie,CK
m,Mustafa,CR
m,Yehuda,CI
m,Justus,HR
m,Salvatore,CU
m,Alfonso,CW
m,Kendall,CY
m,Konnor,CZ
m,Lamar,DK
m,Gibson,DJ
m,Ignacio,DM
m,Koda,DO
m,Leroy,EC
m,Terrell,EG
m,Tristian,SV
m,Achilles,GQ
m,Jericho,ER
m,Ramiro,EE
m,Yahya,ET
m,Rolando,FK
m,Vivaan,FO
m,Dario,FJ
m,Jair,FI
m,Ulises,FR
m,Judson,GF
m,Kashton,PF
m,Tadeo,TF
m,Marquis,GA
m,Avi,GM
m,Dimitri,GE
m,Dwayne,DE
m,Musa,GH
m,Ahmir,GI
m,Gordon,GR
m,Ira,GL
m,Seamus,GD
m,Kolby,GP
m,Brantlee,GU
m,Javon,GT
m,Rocky,GG
m,Urijah,GN
m,Brayson,GW
m,Mikael,GY
m,Santos,HT
m,Gilbert,HM
m,Greysen,VA
m,Lyric,HN
m,Coleman,HK
m,Dominique,HU
m,Foster,IS
m,Gauge,IN
m,Harris,ID
m,Kymani,AO
m,Leif,AI
m,Agustin,AQ
m,Keanu,AG
m,Konner,AR
m,Brent,AM
m,Immanuel,HM
m,Benicio,VA
m,Ernest,HN
m,Merrick,HK
m,Yisroel,HU
m,Amare,IS
m,Jad,IN
m,Lyle,GU
m,Creed,GT
m,Krish,GG
m,Maddux,GN
m,Camilo,GW
m,Giancarlo,GY
m,Jamarion,HT
m,Steve,FK
m,Anton,FO
m,Jamar,FJ
m,Jeremias,FI
m,Ralph,FR
m,Wesson,GF
m,Bode,PF
m,Braeden,TF
m,Brenden,GA
m,Eliezer,AF
m,Davian,AX
m,Gus,AL
